{"cameraMode":{"drawMode":0,"name":"Shaded","section":"Shading Mode"},"sceneLighting":false,"audioPlay":false,"sceneViewState":{"m_AlwaysRefresh":false,"showFog":true,"showSkybox":true,"showFlares":true,"showImageEffects":true,"showParticleSystems":true,"showVisualEffectGraphs":true,"m_FxEnabled":true},"in2DMode":false,"pivot":{"x":853.388916015625,"y":483.93597412109377,"z":26.05914306640625},"rotation":{"x":-0.0058053042739629749,"y":-0.9891996383666992,"z":0.14072678983211518,"w":-0.04129135608673096},"size":378.44561767578127,"orthographic":false}