{"cameraMode":{"drawMode":0,"name":"Shaded","section":"Shading Mode"},"sceneLighting":false,"audioPlay":false,"sceneViewState":{"m_AlwaysRefresh":false,"showFog":true,"showSkybox":true,"showFlares":true,"showImageEffects":true,"showParticleSystems":true,"showVisualEffectGraphs":true,"m_FxEnabled":true},"in2DMode":false,"pivot":{"x":632.2387084960938,"y":-54.760704040527347,"z":224.05520629882813},"rotation":{"x":0.00542340287938714,"y":-0.9717501401901245,"z":0.2350352704524994,"w":0.022135833278298379},"size":103.54008483886719,"orthographic":false}